Espace de Coworking Chez Woomeet,31 Bis Cours du Jeu du Mail,9500,Mirepoix,,contact@woomeet.com,Eric Fourcaud,
TLL - Tiers Lieux Limoux,29 Routre de Carcassonne,11300,Limoux,http://tll.sapie.eu/wakka.php?wiki=PagePrincipale,tll@sapie.coop,,468747330
WAW ! Work Another Way,12 Bld Gambetta,11000,Narbonne,https://www.facebook.com/waw.coworking,mail@waw-coworking.com,Delphine Marechal Sauvard & Valérie Cazanave,06 15 91 56 75
Mediathèque Lo Gal,7 Place de l'Eglise,11120,Sainte-Valière,http://mediatheque-logal.com/,stephanmeyer@orange.fr,Stéphan,04.68 .46.31.19
La Terrasse,,12400,Saint Affrique,www.laterrasse-teletravail.fr,laterrasse@cc-saintaffricain.fr,,565975392
CARLATEL,,12600,Mur de Barrez,http://www.carlatel.com/,info@carlatel.com,,
Centre de télétravail Chrysalis,Zone du Combal,12300,Decazeville,http://www.cc-decazeville-aubin.fr/Pepiniere-d-entreprises-Chrysalis.html,,,05 65 43 63 63
Télécentre de Vabre l'Abbaye,21 Rue du Pont Vieux,12400,Vabre l'Abbaye,http://www.vabreslabbaye.fr/Telecentre.aspx,telecentre.vabres@orange.fr,,05 65 99 03 56
Nova Spot,Hôtel d'entreprises Innov'Alès - 14 bd Charles Péguy,30100,Alès,http://www.nova-spot.fr,erobert@mde-alescevennes.fr,Emilie ROBERT,04 66 55 84 94
Le village coworking,4 Rue Cart,30000,Nîmes,http://www.levillage.co/,contact@levillage.co,,
La Station Coworking,442 rue Georges Besse - Parc scientifique Georges Besse,30032,Nîmes,,ccidenimes@info.nimes.cci.fr,Julie-Marie ROCHER,04 66 55 84 94
La Cantine du Quai,39 Allées Jules Guesde,31000,TOULOUSE,,cantine@lamelee.com,,
"Espace Auterive Initiative ""Firmin Pons""",780 Route d'Espagne,31190,Auterive,http://www.auterive31.fr/votre-mairie/services-municipaux/coworking/,initiatives@auterive-ville.fr,Sylvie Dos Santos,972554612
ETYMON,36 Rue Bernard Moulé,31400,Toulouse,,,,05.61.80.27.82
Etincelle,"2, rue d Austerlitz",31000,Toulouse,http://www.coworking-toulouse.com/,contact@coworking-toulouse.com,,
Les Imaginations Fertiles,27 bis Allées Maurice Sarraut,31300,Toulouse,http://www.imaginationsfertiles.fr/,contact@imaginationsfertiles.fr,,05 61 40 92 16
Centre d'Affaires Compans Toulouse,9 rue Sébastopol,31000,Toulouse,http://www.multiburo.com/sites/fr/Nos-adresses/centre-affaires-en-France/Centre-affaires-regions-province/Toulouse-Compans/centre-affaires-toulouse-bureaux-equipes,,,
Coworking 31,Rue Jean Bart,31670,Labège,http://www.coworking31.fr/,d.lecoq@artec31.fr,,
Bureau Club Toulouse Compans,1 Esplanade Compans Caffarelli,31000,Toulouse,,,,
Espace De Coworking,Rue d'Austerlitz,31000,Toulouse,,,,
TAU Coworking Toulousain,18 Place de la Daurade,31000,Toulouse,http://www.tau.so,contact@tau.so,,
FrenchWork,21 Rue Coupeau,31000,Toulouse,http://www.frenchwork.fr,contact@frenchwork.fr,,05 64 88 01 78
BUROPOLE SERVICES,Mini Parc 3 - 478 Rue de la Découverte - CS 67624,31676,Labège,http://www.buropole-services.com/,contact@buropole-services.com,,05 81 91 90 00
HarryCow,13 rue Sainte Ursule,31000,Toulouse,http://www.harrycow.com/,harry.coworking@gmail.com,Nathalie Bard,06 75 43 56 69
Le spot multiburo,59 allées Jean Jaurès,31000,Toulouse,http://www.lespotmultiburo.com/adresses/toulouse-centre-ville-coworking-bureau-partage-telecentre/,toulouse@multiburo.com,,
Regus Toulouse Blagnac Airport,"7, Avenue Didier Daurat",31700,Blagnac,http://www.regus.fr/locations/business-centre/toulouse-blagnac-airport,conferences.france@regus.com,,
Les bureaux de Tolosa,34 place de Catalogne,31700,Blagnac,http://www.lbdt.fr/,contact@les-bureaux-de-tolosa.fr,,
BAYA AXESS toulouse,1 rue des Pénitents Blancs,31000,Toulouse,http://www.baya-axess.com/centres-affaires/toulouse-saint-georges-13.html,toulouse@baya-axess.com,,
Buro Club Toulouse,"12, rue Caulet Bât. A08",31300,Toulouse,http://www.buro.com/centres-affaires/toulouse-6/,,,567731800
L'atelier 2i,7 impasse Alaric II,31000,Toulouse,http://latelier2i.fr/,manon.roustit@2iportage.com,,
La tribu,32 Avenue Bellevue,31500,Toulouse,http://www.latribu-toulouse.com/,contact@latribu-toulouse.com,,
Lab'Oïkos La Pomme,28 Rue de la Pomme,31000,Toulouse,http://www.oikosysteme.com/,contact@oikosysteme.com,,
L'Atelier du 26,26/28 rue Marie Magné,31300,Toulouse,,joaquimf@latelierdu26.com,,
Télécentre de Riscle,"77, rue Nationale - BP 45",32110,Nogaro,http://www.soho-solo-gers.com,info@cc-basarmagnac.fr,,05 62 69 74 01
Télécentre de Montréal,Place de l'Hôtel de Ville,32250,Montréal du Gers,http://www.soho-solo-gers.com,mairie-montreal@wanadoo.fr,,05.62.29.52.00
Télécentre de Mirande,Square de l'Europe - Boulevard Clémenceau,32300,Mirande,http://www.soho-solo-gers.com,sgeneral.mirande@free.fr,,05 62 66 52 87
Télécentre de Mauvezin,Zone Artisanale - Route d'Auch,32120,Mauvezin,http://www.soho-solo-gers.com,contact@ccbva.com,,05.62.06.84.67
Télécentre de Lombez,"Place Jean David, BP 10 181",32000,Lombez,http://www.soho-solo-gers.com,ccsaves@wanadoo.fr,,05.62.62.68.70
Télécentre de Lectoure,Maison des Services - Cours Gambetta,32700,Lectoure,http://www.soho-solo-gers.com,priviere@mairie-lectoure.fr,,05.62.68.55.10
Pépinière d'entreprises de Lomagne,,32700,Lectoure,http://www.lomagne-gersoise.com/-Pepiniere-d-entreprises-,,,
Nogaropole,,32110,Caupenne d'Armagnac,http://www.nogaropole.fr,contact@nogaropole.fr,,562693605
COSWOS,31 rue de l'argenterie,34000,Montpellier,http://coswos.fr/,philippe@coswos.fr,,
BAYA AXESS montpellier,418 rue du Mas de Verchant,34935,Montpellier,http://www.baya-axess.com/centres-affaires/montpellier-millenaire-12.html,montpellier@baya-axess.com,,
Cowork'in Montpellier,19 Rue de l'École de Droit,34000,Montpellier,http://www.coworkinmontpellier.org,contact@coworkinmontpellier.org,,
Le quai 13,13 quai des Tanneurs,34090,Montpellier,http://quai13.blogspot.fr/,quai13mpl@gmail.com,,
La fabrique,10 Rue Chaptal,34000,Montpellier,http://www.lafabriquecoworking.net/,contact@lafabriquecoworking.net,,
My Incubation Office (MIO),4 rue de Maguelone,34000,Montpellier,http://www.mio-offices.com/,goto@mio-offices.com,,
Le relais SML,25 Route du Littoral,34380,Saint-Martin-de-Londres,http://www.lerelais-sml.net/fr,lerelaisSML@gmail.com,,
Coworking de l'économie sociale et solidaire,710 rue Favre de Saint Castor,34080,Montpellier,,realis@cr-languedocroussillon.fr,,
Espace Coworkin Montpellier,"4, allee du levant - Bureaux Eytis",34970,Lattes,http://www.espace-coworking-montpellier.com/,contact@espace-coworking-montpellier.com,,
COM Visa,"7, boulevard Sarrail",34000,Montpellier,http://comvisa.com/,comvisaformation@gmail.com,,
L'atelier de Noé,"41, Rue de Ferran",34090,Montpellier,http://www.latelierdenoe.fr,contact@latelierdenoe.fr,,
Télécentre de Lacapelle-Marival,,46120,Lacapelle-Marival,https://lot.fr/tout-savoir-sur-le-t-l-travail,,,05 65 38 28 40
Télécentre de Latronquière,Rue du Foirail,46210,Latronquière,https://lot.fr/tout-savoir-sur-le-t-l-travail,c.c.haut-sagala@info46.fr,,05 65 11 61 97
Télécentre de Figeac,6 avenue Bernard Fontanges,46100,Figeac,https://lot.fr/tout-savoir-sur-le-t-l-travail,,,05 65 34 44 56
Télécentre de Meyrueis,11 place du champ de Mars,48150,Meyrueis,http://solozere.com/locations/telecentre-meyrueis/,,,04 66 31 25 92
Comptoir Numérique SupAgro Florac,9 Rue Célestin Freinet,48400,Florac,,christian.resche@supagro.inra.fr,,
Télécentre de Florac,1 place paul comte,48400,Florac,http://solozere.com/locations/telecentre-florac/,mdersp-florac.sindyb@orange.fr,,
Télécentre de Mende,"Parc Technologique de Valcroze, Rue du Gevaudan",48000,Mende,http://polen-mende.com/telecentre/,contact@polen-mende.com,,
Télécentre de Villefort,19 rue de l'église,48800,Villefort,http://solozere.com/locations/telecentre-villefort/,msp@villefort-cevennes.com,,
Télécentre de Saint-Chély d'Apcher,place du Foirail,48200,Saint-chély d'Apcher,http://solozere.com/les-points-daccueils-solozere/telecentre-st-chely-dapcher/,telecentre@stchelydapcher.fr,,
Télécentre de Langogne,Place de la République,48300,Langogne,http://solozere.com/locations/telecentre-langogne-3/,maisonemploi.langogne@orange.fr,,
Incubateur CETIR,Pic Pyrénées Innovation,65150,Saint Laurent de Neste,http://www.cetir.net/,contact@cetir.net,,05 62 50 16 00
Crescendo,14 Boulevard Pierre Renaudet,65000,Tarbes,http://www.crescendo-tarbes.com/espace-coworking.php,contact@crescendo-tarbes.com,,05 62 36 21 34
La station,"29, Avenue de la Grande Bretagne",66000,Perpignan,http://www.coworking-development.com/,contact@station-coworking.com,,
Art Prestige,51 quai Vauban,66000,Perpignan,http://artprestig.com/,contact@artprestig.com,,
La station Coworking,280 James WATT - TECNOSUD,66100,Perpignan,http://www.coworking-development.com/,,,04 68 378 660
Espace Intercommunal Centre Tarn,,81120,Réalmont,www.centretarn.fr,economie@centretarn.fr,,
La Chapellerie,"14, rue du Vieux Pont",82240,Septfonds,http://www.lacheminee.fr,bruno@lacheminee.fr,,05 63 67 74 73
Télécentre de Laguépie,,82250,Laguépie,,mairie-laguepie@info82.co,,
EREF de Saint Antonin Noble Val,Place de la Mairie,82140,Saint Antonin Noble Val,,eref@cegetel.net,,05 63 68 24 66
Etincelle Coworking Montauban,"10, rue de la comédie",82000,Montauban,http://www.etincelle-coworking.com/montauban/,contact@coworking-montauban.com,,
Pépinière du Grand Montauban,"35, avenue du Danemark",82003,Montauban,http://www.grandmontauban.com,gaguade@ville-montauban.fr,,